StartDate,EndDate,Status,IPAddress,Progress,Duration (in seconds),Finished,RecordedDate,ResponseId,RecipientLastName,RecipientFirstName,RecipientEmail,ExternalReference,LocationLatitude,LocationLongitude,DistributionChannel,UserLanguage,Verify,QID1_1,QID1_2,QID1_3,QID1_4,QID1_5,Programming Skills_1,Programming Skills_2,Programming Skills_3,Python_1,Python_2,Python_3,Values_1,Values_2,Values_3,SJ & Community_1,Q28,SJ & Community,Community_1,Community_2,Community_3,TA_1,TA_2,TA_3,TA_4,Goals,Career Opportunities_1,Career Opportunities_2,Career Opportunities_3,Q30,Gee_1,Gee_2,Gee_3,McAlpine_1,McAlpine_2,McAlpine_3,McAlpine_4,McAlpine_5,Crenshaw,Crenshaw,Crenshaw,Any last thoughts?_1,Any last thoughts?_2,Why recommend,Open,SC0,Goals - Parent Topics,Goals - Topics,Verify - Parent Topics,Verify - Topics
Start Date,End Date,Response Type,IP Address,Progress,Duration (in seconds),Finished,Recorded Date,Response ID,Recipient Last Name,Recipient First Name,Recipient Email,External Data Reference,Location Latitude,Location Longitude,Distribution Channel,User Language,What's your Hack the Hood student ID number? Check your email or ask your TA or Programs (Hoss or Samia),"Communication about technology/Programming

Read each statement and select your level of agreement with each statement. - I can communicate verbally or in writing to others about technology or programming.","Communication about technology/Programming

Read each statement and select your level of agreement with each statement. - I can give a short talk to an audience about technology or programming.","Communication about technology/Programming

Read each statement and select your level of agreement with each statement. - I can writ code to complete a simple task.","Communication about technology/Programming

Read each statement and select your level of agreement with each statement. - I increased my programming skills in this program.","Communication about technology/Programming

Read each statement and select your level of agreement with each statement. - I could explain or storyboard a software idea that I have.","Programming Skills 

Read each statement and select how frequent each statement applies to you. - When I have errors in my code, I know of a few things to try or look for.","Programming Skills 

Read each statement and select how frequent each statement applies to you. - When I write new code, I leave myself enough comments and notes to know what I did.","Programming Skills 

Read each statement and select how frequent each statement applies to you. - I know where to look for new data to test or model with.","Python Skills 

How confident are you in executing these tasks in Python? Please rate your confidence in your ability to execute the following tasks in Python on a scale of 1 to 4, where 1 means ‚ÄúNot confident at all‚Äù and 4 means ‚ÄúVery Confident.‚Äù - I know how to index values from a list in Python.","Python Skills 

How confident are you in executing these tasks in Python? Please rate your confidence in your ability to execute the following tasks in Python on a scale of 1 to 4, where 1 means ‚ÄúNot confident at all‚Äù and 4 means ‚ÄúVery Confident.‚Äù - I know how to create a dictionary from scratch in Python.","Python Skills 

How confident are you in executing these tasks in Python? Please rate your confidence in your ability to execute the following tasks in Python on a scale of 1 to 4, where 1 means ‚ÄúNot confident at all‚Äù and 4 means ‚ÄúVery Confident.‚Äù - I know how to run loops through lists and dictionaries.","Values

Read each statement and select your level of agreement with each statement. - Data providers can exercise their power.","Values

Read each statement and select your level of agreement with each statement. - When communities define what they want from technology, it can be used for good.","Values

Read each statement and select your level of agreement with each statement. - Good technical solutions work well and meet the needs of diverse groups of people.","Social Justice & Community

Select your level of agreement with this statement. - I believe that technology can help my community.",Name one way that you think technology can help your community.,What is one project or sociotechnical discussion that you would like to work on in the future?,"Community

Read each statement and select your level of agreement with each statement. - I felt comfortable participating in class discussions during lecture, pair programming, and office hours.","Community

Read each statement and select your level of agreement with each statement. - My TA provided helpful feedback on my code in pair programming or office hours.","Community

Read each statement and select your level of agreement with each statement. - My TA encouraged me to keep trying my best in coding or applying myself as a learner in general.","Community

Read each statement and select your level of agreement with each statement. - I built relationships with other participants in my program.","Community

Read each statement and select your level of agreement with each statement. - I feel the Hack the Hood staff members support my success.","Community

Read each statement and select your level of agreement with each statement. - The volunteers and panelists provided good advice and information during the program.","Community

Read each statement and select your level of agreement with each statement. - I had a chance to meet a mentor or role model in technology (staff, guest panelists, or alumni) during this program.",Fill in the blank: The goal(s) I set for myself during this program was _______.,"Career Opportunities/Navigation/Goals

Read each statement and select your level of agreement with each statement. - I know about different positions and career options in technology.","Career Opportunities/Navigation/Goals

Read each statement and select your level of agreement with each statement. - I know what steps I need to take in order to pursue a career in technology.","Career Opportunities/Navigation/Goals

Read each statement and select your level of agreement with each statement. - I was able to achieve one of my goals in this program.",Which of these do you plan on pursuing or signing up for in the near future? Check all that apply.,"Intersectional Tech Identity

Read each statement and select your level of agreement with each statement. - I am the type of persn who will be successful in tech.","Intersectional Tech Identity

Read each statement and select your level of agreement with each statement. - Hack the Hood helped me see myself as a technical person.","Intersectional Tech Identity

Read each statement and select your level of agreement with each statement. - My classmates are people I want to work with in the future.","Intersectional Tech Identity

Read each statement and select your level of agreement with each statement. - I was able to contribute and help in my class experience.","Intersectional Tech Identity

Read each statement and select your level of agreement with each statement. - I figured out how to get help or fix my coding challenges.","Intersectional Tech Identity

Read each statement and select your level of agreement with each statement. - I found or continued a new hobby through this program.","Intersectional Tech Identity

Read each statement and select your level of agreement with each statement. - I received resources to help me in my future.","Intersectional Tech Identity

Read each statement and select your level of agreement with each statement. - Hack the Hood provided enough resources to help me be successful in this program.","Please complete the following statement by writing into the text box below each question: In terms of race, ethnicity, gender, class, socioecnomic status, and privileges I would describe myself as ______________","Please complete the following statement by writing into the text box below each question: When I think about my identity, I would say I am...","Please complete the following statement by writing into the text box below each question: When I think about being a technologist, these are parts of my identity I think someone interviewing me for a job, internship, or bootcamp should know about me as a person:","Please answer these according to how much you agree with these statements: - I would recommend Hustle to an eligible friend, relative, or acquaintance.","Please answer these according to how much you agree with these statements: - I would recommend any Hack the Hood program to a friend, relative, or acquaintance.","Based on your answers above, why (or why not) are you likely to recommend Hustle or any Hack the Hood program to others?","If you have any extended reflections, opinions, or concerns related to the program that you would like to share with us, please share it here:",Score,Goals - Parent Topics,Goals - Topics,Verify - Parent Topics,Verify - Topics
"{""ImportId"":""startDate"",""timeZone"":""America/Denver""}","{""ImportId"":""endDate"",""timeZone"":""America/Denver""}","{""ImportId"":""status""}","{""ImportId"":""ipAddress""}","{""ImportId"":""progress""}","{""ImportId"":""duration""}","{""ImportId"":""finished""}","{""ImportId"":""recordedDate"",""timeZone"":""America/Denver""}","{""ImportId"":""_recordId""}","{""ImportId"":""recipientLastName""}","{""ImportId"":""recipientFirstName""}","{""ImportId"":""recipientEmail""}","{""ImportId"":""externalDataReference""}","{""ImportId"":""locationLatitude""}","{""ImportId"":""locationLongitude""}","{""ImportId"":""distributionChannel""}","{""ImportId"":""userLanguage""}","{""ImportId"":""QID21_TEXT""}","{""ImportId"":""QID1_1""}","{""ImportId"":""QID1_2""}","{""ImportId"":""QID1_3""}","{""ImportId"":""QID1_4""}","{""ImportId"":""QID1_5""}","{""ImportId"":""QID3_1""}","{""ImportId"":""QID3_2""}","{""ImportId"":""QID3_3""}","{""ImportId"":""QID26_2""}","{""ImportId"":""QID26_3""}","{""ImportId"":""QID26_4""}","{""ImportId"":""QID4_1""}","{""ImportId"":""QID4_2""}","{""ImportId"":""QID4_3""}","{""ImportId"":""QID5_1""}","{""ImportId"":""QID28_TEXT""}","{""ImportId"":""QID7_TEXT""}","{""ImportId"":""QID8_2""}","{""ImportId"":""QID8_3""}","{""ImportId"":""QID8_5""}","{""ImportId"":""QID29_1""}","{""ImportId"":""QID29_2""}","{""ImportId"":""QID29_3""}","{""ImportId"":""QID29_4""}","{""ImportId"":""QID10_TEXT""}","{""ImportId"":""QID12_1""}","{""ImportId"":""QID12_2""}","{""ImportId"":""QID12_3""}","{""ImportId"":""QID30""}","{""ImportId"":""QID13_1""}","{""ImportId"":""QID13_2""}","{""ImportId"":""QID13_3""}","{""ImportId"":""QID14_1""}","{""ImportId"":""QID14_2""}","{""ImportId"":""QID14_3""}","{""ImportId"":""QID14_4""}","{""ImportId"":""QID14_5""}","{""ImportId"":""QID16_TEXT""}","{""ImportId"":""QID15_TEXT""}","{""ImportId"":""QID17_TEXT""}","{""ImportId"":""QID22_1""}","{""ImportId"":""QID22_2""}","{""ImportId"":""QID23_TEXT""}","{""ImportId"":""QID24_TEXT""}","{""ImportId"":""SC_42bcAOpD3j0bDgy""}","{""ImportId"":""QID10_TEXT_ea3afb01_3vmmspcpaqfxParTopics""}","{""ImportId"":""QID10_TEXT_ea3afb01_3vmmspcpaqfxTopics""}","{""ImportId"":""QID21_TEXT_ea3afb01_5mf0ha8t0ttdParTopics""}","{""ImportId"":""QID21_TEXT_ea3afb01_5mf0ha8t0ttdTopics""}"
2022-08-08 11:37:23,2022-08-08 11:37:31,Survey Preview,,100,7,True,2022-08-08 11:37:32,R_2EiuLZOFe5dsAMu,,,,,33.8583,-84.2165,preview,EN,,,,,,,,,,,,,,,,,,,,,,,,,,,,,,,,,,,,,,,,,,,,,,,,,,
2022-08-08 12:52:16,2022-08-08 13:15:01,IP Address,172.58.37.226,100,1364,True,2022-08-08 13:15:01,R_2rDvTRSDbmWYGBY,,,,,38.687,-121.3477,anonymous,EN,HH83,Unsure or undecided,Somewhat disagree,Unsure or undecided,Unsure or undecided,Somewhat disagree,Sometimes,Sometimes,Sometimes,Fairly confident,Fairly confident,Slightly confident,Somewhat agree,Somewhat agree,Somewhat agree,Strongly agree,Providing proper Healthcare to isolated communities.,"Providing preventive care for diseases in communities that are more at risk due to their environment or ethic background. ",Strongly agree,Strongly agree,Strongly agree,Somewhat agree,Somewhat agree,Strongly agree,Somewhat agree,To get a general understanding of one form of coding.,Strongly agree,Somewhat agree,Somewhat agree,"Career in technology (or in the tech industry in general),Technology- or software-related certification,Tech bootcamp",Somewhat agree,Somewhat agree,Unsure or undecided,Unsure or undecided,Somewhat agree,Somewhat agree,Unsure or undecided,Unsure or undecided,"An African American, Cis- woman, middle class. With middle class privileges.","A quiet motivator and encourager. I think I'm a hard worker and contribute alot when I know, and good listener when I don't know. ","I think they should know that I'm a positive person, with an open mind when it comes to learning. I welcome all ideas and different avenues of doing things.  ",Somewhat agree,Unsure or uncertain,I think the concept of hack the hood is there but certain things like tye communication is something that needs to be worked on as well as the program objectives need to be met before any other activities be introduced.,,108,,Unknown,,
2022-08-08 12:49:24,2022-08-08 13:15:37,IP Address,99.48.41.9,100,1573,True,2022-08-08 13:15:38,R_6P4OIq78JfqqrER,,,,,37.7652,-122.1579,anonymous,EN,HH21,Somewhat agree,Somewhat agree,Somewhat agree,Unsure or undecided,Unsure or undecided,Sometimes,Rarely,Sometimes,Fairly confident,Very confident,Fairly confident,Somewhat disagree,Somewhat agree,Somewhat agree,Somewhat agree,Many business around Oakland can benefit from the use of digital marketing since it will help them attract more customers.,"low cost non medical diagnoses ",Somewhat agree,Somewhat agree,Somewhat agree,Somewhat agree,Strongly agree,Somewhat agree,Somewhat agree,improve my Python coding skills.,Strongly agree,Somewhat agree,Strongly agree,"Career in technology (or in the tech industry in general),Tech bootcamp,Bachelor's degree",Somewhat agree,Somewhat agree,Somewhat agree,Somewhat agree,Unsure or undecided,Unsure or undecided,Somewhat agree,Somewhat agree,"a low income Asian male ",Asian American,hard working person that is willing to learn and adapt to different environments/situations,Somewhat agree,Somewhat agree,Hack the Hood programs are able to shed light towards different industries and careers that someone might not realize that they could pursue. The programs also help develop technical skills that are required in the real world.,,107,,Unknown,,
2022-08-08 13:24:26,2022-08-08 13:31:03,IP Address,73.231.178.30,100,397,True,2022-08-08 13:31:04,R_32JkRlSInX3bwAd,,,,,37.4043,-122.0748,anonymous,EN,HH53,Somewhat agree,Unsure or undecided,Unsure or undecided,Somewhat agree,Unsure or undecided,Very often,Rarely,Rarely,Slightly confident,Slightly confident,Slightly confident,Unsure or undecided,Somewhat agree,Somewhat agree,Somewhat agree,One way are the crosswalks that are already installed,"Problems in the real world ",Somewhat agree,Somewhat agree,Somewhat agree,Somewhat agree,Somewhat agree,Somewhat agree,Somewhat agree,learn as much as possible,Somewhat agree,Somewhat agree,Somewhat agree,"Career in technology (or in the tech industry in general),Technology- or software-related certification,Bachelor's degree",Strongly agree,Somewhat agree,Somewhat agree,Somewhat agree,Somewhat agree,Somewhat agree,Somewhat agree,Somewhat agree,Equivalent to others,timid,persistent person,Somewhat agree,Somewhat agree,It was good to learn about all the perspectives of tech,,111,,Unknown,,
2022-08-08 13:25:03,2022-08-08 13:38:14,IP Address,73.158.96.254,100,791,True,2022-08-08 13:38:15,R_DSM5XLKz3sHmiyZ,,,,,37.722,-122.1643,anonymous,EN,HH81,Somewhat agree,Somewhat agree,Somewhat agree,Somewhat agree,Somewhat agree,Very often,Always,Very often,Fairly confident,Fairly confident,Fairly confident,Unsure or undecided,Somewhat agree,Strongly agree,Somewhat agree,It helps with increasing job opportunities.,More website building from different programs.,Somewhat agree,Somewhat agree,Somewhat agree,Somewhat disagree,Somewhat agree,Somewhat agree,Somewhat agree,Learn a new coding skill and be able to improve upon it over the course of the program.,Strongly agree,Somewhat agree,Somewhat agree,Career in technology (or in the tech industry in general),Somewhat agree,Unsure or undecided,Unsure or undecided,Somewhat agree,Somewhat agree,Unsure or undecided,Unsure or undecided,Unsure or undecided,Average.,"Asian, specifically Chinese.","I have quick adaptability and work better as an advisor to a team rather than a leader. ",Somewhat agree,Somewhat agree,"I would recommend it because we do learn some coding skills along with information about the tech field. ",,109,,Unknown,,
2022-08-08 13:24:30,2022-08-08 13:39:17,IP Address,73.252.142.94,100,887,True,2022-08-08 13:39:18,R_3popxOmcxpiluOo,,,,,37.5428,-122.2971,anonymous,EN,HH69,Somewhat agree,Somewhat agree,Somewhat agree,Strongly agree,Somewhat agree,Very often,Sometimes,Always,Very confident,Very confident,Very confident,Somewhat agree,Strongly agree,Somewhat agree,Strongly agree,"Technology can be a way to keep track of community trends or needs. By recording data about health issues or social issues in an area can help identify patterns that are helping or hurting my community. ",I would like to work on a project that keeps track of how communities are impacted by social issues that impact their technological access/resources.,Somewhat agree,Somewhat agree,Strongly agree,Unsure or undecided,Strongly agree,Strongly agree,Strongly agree,"The goal I set for myself during this program was to learn how to code with python and be able to read it.
",Strongly agree,Strongly agree,Strongly agree,Bachelor's degree,Unsure or undecided,Somewhat agree,Unsure or undecided,Strongly agree,Somewhat agree,Somewhat agree,Strongly agree,Strongly agree,"I would describe myself as a low-income, first generation, Latina.","I would say I am a resilient, strong, intellectual, caring, passionate woman. ","I am a great team player, I enjoy working with others and independently. I am always looking forward to learning and trying new things and enjoy learning from others as well. ",Strongly agree,Strongly agree,"I truly enjoyed the program and the instructors were very friendly. I enjoyed the sociotech lectures we had and the assignments that we had to complete on replit. I feel like it was well rounded especially when we got to listen to the panelist who are actually in the tech field and shared their stories. ",,121,,Unknown,,
2022-08-08 13:26:41,2022-08-08 13:39:58,IP Address,107.3.139.102,100,797,True,2022-08-08 13:39:59,R_2CN7sDPRcUfurAs,,,,,37.7688,-122.262,anonymous,EN,HH27,Somewhat agree,Somewhat agree,Strongly agree,Unsure or undecided,Unsure or undecided,Very often,Very often,Very often,Fairly confident,Very confident,Fairly confident,Unsure or undecided,Strongly agree,Strongly agree,Strongly agree,Technology can help the younger generations be introduced to more important topics that can help them create social change in the future.,Creating technology that can better our society,Strongly disagree,Strongly disagree,Strongly disagree,Unsure or undecided,Strongly agree,Somewhat agree,Somewhat disagree,somewhat complete,Somewhat agree,Somewhat agree,Unsure or undecided,Technology- or software-related certification,Unsure or undecided,Somewhat agree,Strongly agree,Somewhat agree,Strongly agree,Unsure or undecided,Somewhat agree,Somewhat agree,middle class african american male,Eritrean,"where my ancestors are from, where I was born, my socioeconomic status, and how I became the person I am today",Unsure or uncertain,Unsure or uncertain,We didn't do as much coding as I hoped.,,105,,Unknown,,
2022-08-08 13:26:54,2022-08-08 13:40:11,IP Address,96.76.203.185,100,797,True,2022-08-08 13:40:12,R_30uvprPAm0WvTxV,,,,,37.7428,-122.1745,anonymous,EN,HH02,Strongly agree,Somewhat agree,Somewhat agree,Strongly agree,Unsure or undecided,Very often,Very often,Rarely,Very confident,Very confident,Very confident,Somewhat agree,Strongly agree,Unsure or undecided,Strongly agree,by providing accommodations,biometrics,Somewhat agree,Strongly agree,Strongly agree,Somewhat disagree,Strongly agree,Somewhat agree,Somewhat agree,learning python programming skills.,Unsure or undecided,Unsure or undecided,Somewhat agree,"Career in technology (or in the tech industry in general),Technology- or software-related certification,Tech bootcamp,Associate's degree,Bachelor's degree",Somewhat agree,Somewhat agree,Somewhat disagree,Somewhat agree,Somewhat agree,Somewhat agree,Somewhat agree,Somewhat agree,a queer bipoc woman.,affected heavily by my intersectional traits.,"I have a background in sociology, ethnic studies, and human sexuality.",Strongly agree,Strongly agree,It's free and it was very educational.,n/a,110,,Unknown,,
2022-08-08 13:24:33,2022-08-08 13:40:19,IP Address,73.15.206.10,100,946,True,2022-08-08 13:40:20,R_1EXK2WIiRT6FeFG,,,,,37.7906,-122.2412,anonymous,EN,SN10,Somewhat agree,Somewhat agree,Somewhat agree,Somewhat agree,Somewhat agree,Very often,Sometimes,Sometimes,Slightly confident,Fairly confident,Slightly confident,Unsure or undecided,Somewhat agree,Strongly agree,Somewhat agree,"better systems to help people with schooling and jobs ",truthfully I love to learn so Im ready to learn anything,Strongly agree,Strongly agree,Strongly agree,Strongly agree,Strongly agree,Strongly agree,Strongly agree,the goal I set for myself was to finish the program regardless if I have a baby I wanted to make sure I finished and to also get in school to finish my education because this is something that is really important to me.,Strongly agree,Strongly agree,Strongly agree,"Beyond bachelor's degree (such as master's, Ph.D, or other graduate-level)",Strongly agree,Strongly agree,Strongly agree,Somewhat agree,Strongly agree,Strongly agree,Strongly agree,Strongly agree,"I am a black female ","when I think about my identity, I would say I am straight ",that I am a black female ready to look and make money,Strongly agree,Strongly agree,"I love hack the hood and I already told all my family about this program ",N/A,130,,Unknown,,
2022-08-08 13:26:04,2022-08-08 13:41:56,IP Address,107.208.10.50,100,951,True,2022-08-08 13:41:56,R_2Qz9TFI9uUyvNJf,,,,,37.8043,-122.2156,anonymous,EN,HH09,Somewhat agree,Somewhat agree,Somewhat agree,Strongly agree,Unsure or undecided,Sometimes,Sometimes,Sometimes,Slightly confident,Fairly confident,Slightly confident,Somewhat agree,Somewhat agree,Somewhat agree,Strongly agree,"Create a wider network and build connections using technology. ",Possibly creating a resource database of all opportunities low income communities can use to connect.,Somewhat agree,Unsure or undecided,Strongly agree,Somewhat agree,Somewhat agree,Somewhat agree,Strongly agree,Achievable,Somewhat agree,Somewhat agree,Strongly agree,"Career in technology (or in the tech industry in general),Technology- or software-related certification,Tech bootcamp,Associate's degree,Bachelor's degree,Beyond bachelor's degree (such as master's, Ph.D, or other graduate-level)",Somewhat agree,Somewhat agree,Unsure or undecided,Somewhat agree,Somewhat agree,Somewhat agree,Somewhat agree,Somewhat agree,A first-generation low-income Chinese American female.,"An underprivileged female in STEM. ","I'm a female who is interested in pursuing a career in STEM and is always ready to learn new things regarding technology. ",Strongly disagree,Strongly disagree,Hack the Hood's Hustle program offers much insight regarding technology and data science. The lessons are well thought-out and provide a glimpse of careers and futuristic themes. Not only is there a stipend at the end but you leave with coding skills that you may have not developed before.,,106,,Unknown,,
2022-08-08 13:25:15,2022-08-08 13:42:44,IP Address,24.130.171.128,100,1048,True,2022-08-08 13:42:44,R_3Eut7LftRXOAra3,,,,,37.8107,-122.2479,anonymous,EN,HH76,Somewhat agree,Somewhat agree,Strongly agree,Strongly agree,Strongly agree,Never,Never,Rarely,Very confident,Very confident,Very confident,Strongly agree,Strongly agree,Strongly agree,Strongly agree,to learn anything online,how to make online bookshelf,Strongly agree,Strongly agree,Strongly agree,Strongly agree,Strongly agree,Strongly agree,Strongly agree,to learn more about py,Strongly agree,Strongly agree,Strongly agree,"Career in technology (or in the tech industry in general),Technology- or software-related certification,Tech bootcamp,Associate's degree,Bachelor's degree,Beyond bachelor's degree (such as master's, Ph.D, or other graduate-level)",Strongly agree,Strongly agree,Strongly agree,Strongly agree,Strongly agree,Strongly agree,Strongly agree,Strongly agree,habesha,lucky,I love tech and design,Strongly disagree,Strongly disagree,yes,I love to see this program to be big because the bigger it is the more people it will hold.,118,,Unknown,,
2022-08-08 13:24:56,2022-08-08 13:42:50,IP Address,192.184.245.196,100,1074,True,2022-08-08 13:42:51,R_e8TCYVKMqkCysYV,,,,,37.7794,-122.2178,anonymous,EN,HH50,Somewhat agree,Somewhat agree,Somewhat agree,Unsure or undecided,Unsure or undecided,Sometimes,Rarely,Rarely,Fairly confident,Fairly confident,Fairly confident,Unsure or undecided,Strongly agree,Strongly agree,Strongly agree,Technology can help things a lot more safe and convenient..,None in mind at the moment,Somewhat agree,Unsure or undecided,Somewhat agree,Unsure or undecided,Strongly agree,Somewhat agree,Strongly agree,met,Somewhat agree,Somewhat agree,Strongly agree,"Career in technology (or in the tech industry in general),Technology- or software-related certification,Associate's degree,Bachelor's degree",Somewhat agree,Somewhat agree,Somewhat agree,Somewhat agree,Somewhat agree,Somewhat agree,Somewhat agree,Somewhat agree,"person of color with a fair amount of resources to help myself.
 ",a mix of many factors.,"have experience with many kinds of devices/technology since I was toddler, know a fair amount of coding as a high schooler, been in a coding program, etc",Somewhat agree,Somewhat agree,It teaches a lot of the issues that occur in our society and relates back on how technology can offer a solution in many cases.,N/A,111,,Unknown,,
2022-08-08 13:24:59,2022-08-08 13:46:11,IP Address,96.78.132.50,100,1272,True,2022-08-08 13:46:12,R_3GlInVnEZcWr93n,,,,,37.6736,-122.0944,anonymous,EN,HH18,Somewhat agree,Unsure or undecided,Unsure or undecided,Strongly agree,Unsure or undecided,Sometimes,Sometimes,Sometimes,Not confident at all,Not confident at all,Not confident at all,Unsure or undecided,Unsure or undecided,Unsure or undecided,Strongly agree,"By giving 60% discount on good weed ","Stuff ",Strongly agree,Strongly agree,Strongly agree,Unsure or undecided,Unsure or undecided,Unsure or undecided,Unsure or undecided,"Make sure I take up some free time ",Unsure or undecided,Unsure or undecided,Strongly agree,Associate's degree,Strongly disagree,Strongly agree,Unsure or undecided,Unsure or undecided,Somewhat agree,Unsure or undecided,Unsure or undecided,Somewhat agree,"Chill like a sunny warm day with a summer warm braze and surrounded by the baby blue sky üåå  and green trees on a Monday afternoon. ",Someone who just live life by his own blank canvis .A person who paints his own way I‚Äôm many textures and color that very few has seen. A someone who believes the only boundary is one imagination.,Stuff,Strongly agree,Strongly agree,"Their are many parts to tech and this part of it just seems cool ","I have none ",104,,Unknown,,
2022-08-08 13:24:56,2022-08-08 13:46:58,IP Address,24.4.195.153,100,1322,True,2022-08-08 13:46:59,R_yDWJ3LJh6AvYSgV,,,,,37.7045,-122.0742,anonymous,EN,HH57,Strongly agree,Strongly agree,Strongly agree,Strongly agree,Strongly agree,Very often,Sometimes,Very often,Very confident,Very confident,Very confident,Somewhat disagree,Somewhat agree,Strongly agree,Strongly agree,"Technology can bring people together that wouldn't usually be together. ","I would like to work on the issues with representation in tech. ",Strongly agree,Strongly agree,Strongly agree,Somewhat agree,Strongly agree,Strongly agree,Strongly agree,"for me to learn about the social justice side of technology. ",Strongly agree,Strongly agree,Strongly agree,"Career in technology (or in the tech industry in general),Bachelor's degree",Strongly agree,Strongly agree,Somewhat agree,Strongly agree,Strongly agree,Strongly agree,Strongly agree,Strongly agree,a middle-class Asian American man,driven and hard working,curious and creative,Strongly agree,Strongly agree,"It is a great introductory program to get someone into tech. ",n/a,129,,Unknown,,
2022-08-08 13:24:34,2022-08-08 13:56:57,IP Address,73.162.100.189,100,1943,True,2022-08-08 13:56:58,R_2wzCuiI83X2q2Gu,,,,,37.8371,-122.2773,anonymous,EN,HH77,Somewhat disagree,Somewhat disagree,Somewhat disagree,Strongly Disagree,Somewhat disagree,Very often,Very often,Sometimes,Fairly confident,Fairly confident,Fairly confident,Somewhat disagree,Strongly disagree,Strongly disagree,Strongly disagree,"Better education ","One sociotechnical discussion that I would like to work on in the future is about health technology. ",Somewhat agree,Strongly agree,Strongly agree,Unsure or undecided,Strongly agree,Somewhat agree,Strongly agree,"To learn and use what I get for better. ",Unsure or undecided,Strongly agree,Strongly agree,"Career in technology (or in the tech industry in general),Associate's degree,Bachelor's degree,Beyond bachelor's degree (such as master's, Ph.D, or other graduate-level)",Somewhat agree,Strongly agree,Strongly agree,Somewhat agree,Somewhat agree,Unsure or undecided,Strongly agree,Strongly agree,"In terms of race, ethnicity, gender, class, socioecnomic status, and privileges I would describe myself as a person who respects other people opinion.","When I think about my identity, I would say I am happy whom I am. ","When I think about being a technologist, these are parts of my identity I think someone interviewing me for a job, internship, or bootcamp should know about me as a person who can solve problems through the technical skills I learned. ",Strongly agree,Strongly agree,"I would recommend this programs to others because it's a great start to learn about technologies and other things related to it. ",,105,,Unknown,,
2022-08-08 13:42:07,2022-08-08 14:06:10,IP Address,172.58.32.116,100,1443,True,2022-08-08 14:06:10,R_0240Um4HLStIFZD,,,,,37.6736,-122.0944,anonymous,EN,HH33,Strongly agree,Strongly agree,Somewhat agree,Strongly agree,Strongly agree,Always,Sometimes,Always,Fairly confident,Fairly confident,Fairly confident,Unsure or undecided,Strongly agree,Strongly agree,Strongly agree,"Medical technology can assist doctors identify symptoms ","Not sure ",Strongly agree,Strongly agree,Strongly agree,Somewhat disagree,Somewhat agree,Strongly agree,Unsure or undecided,"learning python ",Somewhat agree,Somewhat agree,Somewhat agree,"Beyond bachelor's degree (such as master's, Ph.D, or other graduate-level)",Strongly agree,Somewhat agree,Unsure or undecided,Unsure or undecided,Somewhat agree,Unsure or undecided,Strongly agree,Strongly agree,(Unclear on what the question is asking),Just like everybody else,"My background history (Where I come from, what my journey so far was, etc)
",Strongly agree,Somewhat agree,"It offers good resources and guidance to help introduce people into the tech industry ","I feel like the SMB project was a bit overwhelming, especially for a program that is supposedly introductory.",120,,Unknown,,
2022-08-08 13:24:37,2022-08-08 14:08:11,IP Address,73.93.15.78,100,2613,True,2022-08-08 14:08:11,R_3noZaCaiIzH7vZI,,,,,37.8084,-122.2846,anonymous,EN,HH24,Somewhat disagree,Somewhat disagree,Somewhat disagree,Strongly Disagree,Strongly Disagree,Always,Very often,Very often,Fairly confident,Very confident,Fairly confident,Somewhat agree,Somewhat agree,Strongly agree,Strongly agree,"access information easier ","on how to make robot and apps ",Strongly agree,Strongly agree,Strongly agree,Strongly agree,Strongly agree,Strongly agree,Strongly agree,"to improve my knowledge of tech. ",Somewhat agree,Somewhat agree,Somewhat agree,"Career in technology (or in the tech industry in general),Beyond bachelor's degree (such as master's, Ph.D, or other graduate-level)",Strongly agree,Strongly agree,Unsure or undecided,Somewhat agree,Strongly agree,Somewhat agree,Strongly agree,Strongly agree,Back or African American( Eritrean) a female student at AIMS.,"A hard worker woman ","My name is ELIM BERHE. I'm 16 and a student at AIMS. Live in Oakland, CA. I think tech is the future.",Strongly disagree,Somewhat disagree,I recommend  this program to others because it helped me come through my tech concerns and I come to see many fascinating things that can be done using tech. Understand the significance of tech in society.,,117,,Unknown,,
2022-08-08 13:24:32,2022-08-08 14:18:03,IP Address,24.6.4.143,100,3211,True,2022-08-08 14:18:04,R_3MyQLqI94zxAcPt,,,,,37.976,-122.3359,anonymous,EN,HH42,Somewhat agree,Somewhat agree,Somewhat agree,Strongly agree,Somewhat disagree,Sometimes,Rarely,Sometimes,Slightly confident,Slightly confident,Slightly confident,Unsure or undecided,Strongly agree,Somewhat agree,Strongly agree,"increasing access to resources, whether it be through better information systems or through health care","intersection of tech and health, health informatics",Somewhat agree,Strongly agree,Strongly agree,Somewhat disagree,Somewhat agree,Strongly agree,Strongly disagree,to gain a very basic/introductory level understanding of code,Somewhat agree,Unsure or undecided,Somewhat agree,"Career in technology (or in the tech industry in general),Technology- or software-related certification,Tech bootcamp",Unsure or undecided,Unsure or undecided,Unsure or undecided,Somewhat agree,Strongly agree,Unsure or undecided,Somewhat agree,Somewhat agree,"asian, filipino, female, lower ses, and privileged with a college level degree",trying to be more kind to myself in learning and exploring more about the different aspects of it,i have no experience of coding whatsoever but am willing to learn and put in the work to carry out my tasks properly. I am not one to shy away from asking for help if necessary,Somewhat agree,Somewhat agree,would recommend its just the times/days aren't as accessible to most of my peers,"great program overall, I expected there to be a bit more technical skills learning but i greatly appreciated the integration of the sociotechnical learning nonetheless

i think pair programming would be better if we had our own zoom rooms, that way the TAs can allow us to go into separate rooms to discuss more one--on-one with our groups, it was difficult to really interact (which is already a given considering the virtual aspect), especially when doing any type of group activity or checking in about smb matters, since theres weekly updates, just making sure those individual zoom links are placed for each TA (one zoom link per TA)

i would also suggest changing the zoom settings to mute upon entry lol

i think it'd be cool (if there's capacity amongst staff) if there were also events outside of regular programming like a virtual ""coffee talk"" with some of the guest speakers, that was more of an informal meeting, so folks don't feel restricted by time or be intimidated by the larger group

lastly, i personally liked the last sociotechnical class, but i do think these kinds of conversations/activities are better fitted into programs/courses where these kinds of conversations are the main focus, i found that a few of my peers found the questions difficult to answer/comprehend and though we've had multiple socio-technical classes, i believe it was still largely new for folks who aren't normally in organizing/community advocacy spaces (esp for the younger folks), perhaps a more introductory activity similar to the one we had in the beginning of class discussing how tech and communities intersect, or even an activity to discuss all the sociotechnical classes we had, and breaking down each class and discussing our thoughts on how that class was or if there was any comments that were left unsaid or ideas that connected with one another.",106,,Unknown,,
2022-08-08 13:45:27,2022-08-08 14:44:13,IP Address,108.206.154.35,100,3525,True,2022-08-08 14:44:13,R_25GinV1C38Gn92R,,,,,37.9675,-122.2899,anonymous,EN,HH04,Unsure or undecided,Unsure or undecided,Somewhat agree,Somewhat agree,Unsure or undecided,Always,Rarely,Rarely,Slightly confident,Fairly confident,Slightly confident,Unsure or undecided,Strongly agree,Strongly agree,Strongly agree,"Technology facilitates access to necessities and allows for the sharing of ideas. It allows people to gain an awareness of others and helps all of us grow. Moreover, it strengthens our awareness and allows us to become a stronger community.",I would like to work on a sociotechnical discussion about people in the LGBTQ+ community and the ways we could use technology to support them or to educate the people and get rid of social norms.,Somewhat disagree,Somewhat disagree,Somewhat agree,Strongly agree,Somewhat agree,Strongly agree,Somewhat agree,somewhat successful but the result caught me off guard. I would've never guessed that things would end this way.,Somewhat agree,Somewhat agree,Somewhat agree,Bachelor's degree,Unsure or undecided,Somewhat agree,Somewhat agree,Somewhat agree,Strongly agree,Somewhat agree,Strongly agree,Unsure or undecided,"multi-ethnic Asian, low-income, and a first-generation female high school student","a minority ","I think it'd be good for them to know that as I have a lot of different parts of my identity, I'd wish to work in a diverse place full of diverse people, as that's a personal preference.",Somewhat agree,Unsure or uncertain,"I feel like there'll be certain programs I'd recommend to others but it depends on my personal experiences as well as how much I think they'd benefit from the program. ",,109,,Unknown,,
2022-08-08 14:46:15,2022-08-08 15:39:53,IP Address,76.126.8.223,100,3218,True,2022-08-08 15:39:54,R_0eMXDmbJwGKGvG9,,,,,37.8371,-122.2773,anonymous,EN,HH72,Somewhat agree,Unsure or undecided,Somewhat agree,Strongly agree,Unsure or undecided,Always,Very often,Sometimes,Fairly confident,Very confident,Fairly confident,Unsure or undecided,Strongly agree,Strongly agree,Strongly agree,Technology can help my community by making poverty better.,Career growth and development.,Strongly agree,Somewhat agree,Somewhat agree,Unsure or undecided,Strongly agree,Strongly agree,Unsure or undecided,"to finish college ",Strongly agree,Strongly agree,Somewhat agree,"Associate's degree,Bachelor's degree",Somewhat agree,Somewhat agree,Unsure or undecided,Unsure or undecided,Strongly agree,Unsure or undecided,Strongly agree,Strongly agree,"I would describe myself as a hard working African American black woman, who is going to and have to continue to work hard for what I want in life. ","When I think about my Identity, I would say I am someone who won't give up until me and my family have everything we need in life. ","I am a hard working dedicated person who is willing to go above and beyond until the job is done. If I need to, I can be a team leader who is organized, confident and knows how to communicate with my team to get the project finished. My skills include Critical thinking, Teamwork, Professionalism , Strong work ethic, Adaptability, Detail Orientation and Leadership.",Strongly agree,Strongly agree,"I am and did in fact recommend Hack the Hood to others. Hack the Hood helps you to get a feel of tech which allows you to decide if you would like to pursue a career in tech or not, Hack the Hood also helps you further your education in tech by helping with advance classes or internships. ","In 2017, I joined Hack the Hood's Summer Bootcamp. It was in person and I felt more connected with my instructor and classmates so much so I still have them on Facebook, LinkedIn and Instagram. I can actually say we really became a Hack the Hood family. Its something about being stuck in a classroom with each other that really bring you together as a class. This was one of the reasons I rejoined hack the hood. Sadly to say I did not feel that this time. and only suggest that you guys bring back in person classes. Also bring back field trips, real hack the hood shirts that fits everyone and Hack the Hood stickers which I miss dearly lol.  ",119,,Unknown,,
2022-08-08 13:25:16,2022-08-08 18:05:51,IP Address,73.189.248.127,100,16834,True,2022-08-08 18:05:51,R_2A1eaNMaN5Cres3,,,,,37.2599,-121.9171,anonymous,EN,HH61,Strongly agree,Strongly agree,Strongly agree,Strongly agree,Strongly agree,Very often,Sometimes,Very often,Very confident,Very confident,Very confident,Unsure or undecided,Strongly agree,Strongly agree,Strongly agree,"being more connected and being able to share ideas, opinions, and ideals ",easy fun python coding projects and showing them off in a lesson,Strongly agree,Strongly agree,Strongly agree,Somewhat agree,Strongly agree,Strongly agree,Strongly agree,"finishing git and learning more ",Strongly agree,Strongly agree,Strongly agree,"Career in technology (or in the tech industry in general),Technology- or software-related certification,Tech bootcamp,Associate's degree,Bachelor's degree,Beyond bachelor's degree (such as master's, Ph.D, or other graduate-level)",Strongly agree,Strongly agree,Strongly agree,Strongly agree,Strongly agree,Strongly agree,Strongly agree,Strongly agree,bi racial,straight male,motivated,Strongly agree,Strongly agree,very likely,none at the moment,132,,Unknown,,
2022-08-08 17:59:50,2022-08-08 18:09:19,IP Address,67.169.56.75,100,568,True,2022-08-08 18:09:19,R_eFkiv0DlYF9Ap5n,,,,,37.8487,-122.2209,anonymous,EN,HH01,Somewhat agree,Somewhat agree,Strongly agree,Strongly agree,Strongly agree,Very often,Sometimes,Very often,Fairly confident,Very confident,Fairly confident,Strongly agree,Strongly agree,Somewhat agree,Strongly agree,"It can show what areas are dangerous, provide access to resources, and keep people informed of events.",I'd like to create a personal website.,Somewhat agree,Strongly agree,Strongly agree,Unsure or undecided,Somewhat agree,Strongly agree,Somewhat agree,To increase my knowledge of technology and software.,Strongly agree,Strongly agree,Strongly agree,Career in technology (or in the tech industry in general),Somewhat agree,Strongly agree,Somewhat agree,Somewhat agree,Strongly agree,Somewhat agree,Strongly agree,Strongly agree,Latino male who is dedicated to his work.,A disciplined young man.,"When I'm given a task to work on, I dedicate all my time to get it done.",Strongly agree,Strongly agree,It will help them to learn something new which will give them a look into a whole section of careers.,None.,124,,Unknown,,
2022-08-08 21:54:08,2022-08-08 22:03:04,IP Address,24.130.170.109,100,535,True,2022-08-08 22:03:04,R_2Crm4UFrXtGiW5j,,,,,37.7906,-122.2412,anonymous,EN,HH52,Strongly agree,Somewhat agree,Strongly agree,Somewhat agree,Somewhat agree,Always,Sometimes,Sometimes,Very confident,Very confident,Very confident,Somewhat agree,Somewhat agree,Somewhat agree,Somewhat agree,Keeping communities connected,Really secure messaging,Somewhat agree,Strongly agree,Strongly agree,Somewhat agree,Strongly agree,Somewhat agree,Somewhat agree,somewhat completed although we did not get to complete a site for an SMB,Somewhat agree,Somewhat agree,Somewhat agree,"Career in technology (or in the tech industry in general),Associate's degree,Bachelor's degree",Somewhat agree,Somewhat agree,Somewhat agree,Somewhat agree,Somewhat agree,Strongly agree,Somewhat agree,Somewhat agree,a Chinese guy,somewhat of a computer nerd,I like exploring different technology and problem solving,Somewhat agree,Unsure or uncertain,'- Have not done Build,,114,,Unknown,,
2022-08-08 21:50:16,2022-08-08 22:13:11,IP Address,108.228.30.227,100,1375,True,2022-08-08 22:13:12,R_3fP4O0MsBBbQLeh,,,,,37.8084,-122.2846,anonymous,EN,HH30,Somewhat agree,Somewhat agree,Strongly agree,Strongly agree,Somewhat agree,Sometimes,Very often,Sometimes,Fairly confident,Fairly confident,Very confident,Somewhat agree,Somewhat agree,Somewhat agree,Strongly agree,Technology can help my community economically. In social change.,Creating an app to ensure that people are tracking their credit and what not.,Somewhat agree,Somewhat agree,Somewhat agree,Somewhat agree,Somewhat agree,Strongly agree,Strongly agree,"Learning and enriching my fundamentals in Python. ",Strongly agree,Somewhat agree,Strongly agree,"Career in technology (or in the tech industry in general),Technology- or software-related certification",Somewhat agree,Somewhat agree,Unsure or undecided,Somewhat agree,Somewhat agree,Somewhat agree,Somewhat agree,Somewhat agree,an all around character,an asian american looking for a opportunity.,I'm an mindset oriented thinker with much to improve and learn.,Strongly agree,Strongly agree,It's an overall well planned and thought out program that introduces or builds off of your prior knowledge about tech.,N/A,117,,Unknown,,
2022-08-09 11:13:25,2022-08-09 11:28:31,IP Address,73.71.113.250,100,905,True,2022-08-09 11:28:31,R_RUh15QnRmJer44h,,,,,37.6403,-122.0667,anonymous,EN,HH23,Somewhat agree,Somewhat agree,Somewhat agree,Strongly agree,Strongly agree,Very often,Sometimes,Very often,Very confident,Fairly confident,Very confident,Somewhat agree,Strongly agree,Somewhat agree,Strongly agree,Technology can be used to vocalize minority voices.,"A project that gives more accurate health diagnosis ",Somewhat agree,Somewhat agree,Somewhat agree,Somewhat agree,Somewhat agree,Somewhat agree,Somewhat agree,To be able to use python,Somewhat agree,Somewhat agree,Somewhat agree,"Career in technology (or in the tech industry in general),Technology- or software-related certification,Bachelor's degree,Beyond bachelor's degree (such as master's, Ph.D, or other graduate-level)",Strongly agree,Somewhat agree,Somewhat agree,Somewhat agree,Somewhat agree,Strongly agree,Somewhat agree,Strongly agree,"Intersectional ",a programmer,"Laid back, adaptable, and determined",Somewhat agree,Strongly agree,It's a great program where you learn how to use python as well as explore the tech world.,,118,,Unknown,,
2022-08-08 15:38:01,2022-08-09 13:05:53,IP Address,98.51.0.41,100,77271,True,2022-08-09 13:05:53,R_1QaXMC6rfdYS12b,,,,,37.6403,-122.0667,anonymous,EN,HH86,Unsure or undecided,Somewhat agree,Somewhat agree,Somewhat agree,Unsure or undecided,Sometimes,Rarely,Rarely,Slightly confident,Not confident at all,Not confident at all,Somewhat agree,Strongly agree,Unsure or undecided,Strongly agree,making learning more interactive.,Homemade energy source.,Somewhat agree,Unsure or undecided,Somewhat agree,Somewhat agree,Unsure or undecided,Somewhat agree,Strongly disagree,The goal I set for myself during this program was to be able to code on my own.,Somewhat agree,Strongly agree,Unsure or undecided,"Career in technology (or in the tech industry in general),Technology- or software-related certification,Bachelor's degree",Unsure or undecided,Somewhat agree,Unsure or undecided,Somewhat agree,Somewhat agree,Unsure or undecided,Somewhat agree,Somewhat agree," I would describe myself as African American male.","When I think about my identity, I would say I am a hard worker and very relentless.","When I think about being a technologist, these are parts of my identity I think someone interviewing me for a job, internship, or bootcamp should know about me as a person who would always try to work through obstacles no matter the circumstances.",Strongly disagree,Strongly disagree,I am more likely to recommend this program to a friend since I know they could benefit from the program.,n/a,99,,Unknown,,
2022-08-08 13:22:23,2022-08-10 11:20:40,IP Address,76.14.112.134,100,165496,True,2022-08-10 11:20:40,R_3Dcump1EvsS98kN,,,,,37.6844,-122.438,anonymous,EN,HH63,Strongly agree,Somewhat agree,Strongly agree,Strongly agree,Strongly agree,Always,Always,Very often,Very confident,Very confident,Very confident,Strongly agree,Strongly agree,Strongly agree,Strongly agree,technologies can provide the necessary resources required to show our creativity that can be used to upgrade our living standards,AI,Somewhat agree,Strongly agree,Strongly agree,Somewhat agree,Strongly agree,Strongly agree,Strongly agree,to be able to code without getting stuck,Somewhat agree,Strongly agree,Strongly agree,Career in technology (or in the tech industry in general),Strongly agree,Strongly agree,Strongly agree,Strongly agree,Strongly agree,Strongly agree,Strongly agree,Strongly agree,just another human trying to do something out of his life,a programmer,"workaholic, problem solver, helpful and gets the job done",Strongly agree,Strongly agree,"its a  good place to start and map out ones career ",very good,134,,Unknown,,
2022-08-10 11:46:58,2022-08-10 14:49:22,IP Address,12.147.77.56,100,10943,True,2022-08-10 14:49:23,R_2rMmJEKKLENjZ4U,,,,,29.998,-90.2133,anonymous,EN,HH58,Strongly agree,Strongly agree,Strongly agree,Strongly agree,Strongly agree,Always,Very often,Always,Fairly confident,Very confident,Fairly confident,Somewhat agree,Somewhat agree,Strongly agree,Strongly agree,"one way that I think technology can help My community is to make it a better place and more accessible for  people who do not use Tech as much. ","One sociotechnical discussion I would like to work on in the future is how technology and the apps that we use and the narratives that have been placed on people by social media. ",Strongly agree,Strongly agree,Strongly agree,Strongly agree,Strongly agree,Strongly agree,Strongly agree,The goals i set for myself during this program was to get a better understanding of tech so i could teach others and expand my resources.,Strongly agree,Strongly agree,Strongly agree,Tech bootcamp,Strongly agree,Strongly agree,Strongly agree,Strongly agree,Strongly agree,Strongly agree,Strongly agree,Strongly agree,"I describe myself as an African American Female.
I describe myself as middle class and i have many privileges such as able to do what I want in the tech world if i wanted to. ","I would say I am smart, determined, funny, chill, and courageous. ","Is that i am a baby of a big family i take pride in what I do and what i want to achieve. I have goals that i am willing to complete even if it means it will take some time. ",Strongly disagree,Strongly disagree,"I will likely recommend Hustle or any Hack the Hood program because it would be a great experience for anybody. ",N/A,129,,Unknown,,
2022-08-10 16:13:51,2022-08-10 18:11:50,IP Address,76.216.2.75,100,7078,True,2022-08-10 18:11:51,R_3qPaKlYX49ebx4W,,,,,37.7652,-122.1579,anonymous,EN,HH56,Strongly Disagree,Strongly Disagree,Unsure or undecided,Somewhat agree,Somewhat disagree,Sometimes,Never,Never,Not confident at all,Not confident at all,Not confident at all,Unsure or undecided,Strongly agree,Strongly agree,Unsure or undecided,"solar panels/wind turbines ",I am not ready for that,Somewhat disagree,Strongly agree,Strongly agree,Strongly disagree,Somewhat agree,Unsure or undecided,Strongly disagree,increase my coding skills,Somewhat agree,Unsure or undecided,Somewhat agree,Bachelor's degree,Strongly disagree,Strongly disagree,Strongly disagree,Strongly disagree,Somewhat agree,Strongly disagree,Unsure or undecided,Somewhat agree,a normal guy,asian,I can work hard,Unsure or uncertain,Unsure or uncertain,I think people might think that all that will happen is learning how to code when it's a lot more than that.,I did not expect building a website that didn't have much to do with coding.,78,,Unknown,,
2022-08-10 20:13:15,2022-08-10 20:34:32,IP Address,201.159.115.157,100,1276,True,2022-08-10 20:34:32,R_1dvqqoPweEiGSvK,,,,,14.1033,-87.2144,anonymous,EN,HH13,Somewhat agree,Somewhat agree,Unsure or undecided,Strongly agree,Unsure or undecided,Very often,Very often,Sometimes,Fairly confident,Fairly confident,Very confident,Somewhat agree,Strongly agree,Strongly agree,Strongly agree,"Improving education. ","Making technology accessible to underprivileged communities. ",Strongly agree,Strongly agree,Strongly agree,Somewhat agree,Strongly agree,Strongly agree,Strongly agree,"improve my programming skills. ",Somewhat agree,Somewhat agree,Somewhat agree,"Career in technology (or in the tech industry in general),Technology- or software-related certification,Tech bootcamp",Somewhat agree,Strongly agree,Strongly agree,Somewhat agree,Somewhat agree,Somewhat agree,Somewhat agree,Somewhat agree,"a low income brown man seeking to pursue higher education in order to improve my current place in life but also contribute to society by helping others with the skills I continue to gather. ","a curious individual intending to expand my knowledge.  ","I am persistent, curious, and creative when solving any obstacle/problem that I encounter. ",Strongly agree,Strongly agree,"Technology is intersecting into our daily lives more, therefore is good to learn minimal information about tech, which Hack the Hood provides and much more, would could create a new path of curiosity that could eventually lead to potential career to pursue. ",N/a,125,,Unknown,,
2022-08-10 11:08:00,2022-08-10 20:49:29,IP Address,76.210.139.80,100,34888,True,2022-08-10 20:49:29,R_XAJvlVuBUxc7vxv,,,,,37.9269,-122.3313,anonymous,EN," HH15",Somewhat agree,Unsure or undecided,Strongly agree,Strongly agree,Strongly agree,Always,Rarely,Sometimes,Fairly confident,Very confident,Fairly confident,Unsure or undecided,Strongly agree,Strongly agree,Somewhat agree,One way I believe I can help my community is voice their problems on various platforms to help spread awareness to not only connect with other communities that are having similar problems but to figure a way to resolve them.,"A project that I would like to work on in the future would be working on python like creating dictionaries because I honestly enjoyed making them. I would like to improve on that in the future and work more with it. ",Somewhat agree,Strongly agree,Strongly agree,Strongly agree,Strongly agree,Strongly agree,Somewhat agree,The goals I set for myself during this program was to learn python and get an understanding of the foundational tech skills.,Somewhat agree,Somewhat agree,Strongly agree,"Career in technology (or in the tech industry in general),Technology- or software-related certification,Tech bootcamp,Associate's degree",Somewhat agree,Strongly agree,Strongly agree,Somewhat agree,Strongly agree,Somewhat agree,Strongly agree,Strongly agree,"In terms of race, ethnicity, gender, class, socioeconomic status, and privileges I would describe myself as a middle class Latina.","When I think about my identity, I would say I am independent, creative, and hardworking.","When I think about being a technologist, these are parts of my identity I think someone interviewing me for a job, internship, or bootcamp should know about me as a person: willing to learn, open-minded, my experience with technology, and organized. ",Strongly agree,Strongly agree,"I would recommend Hack the Hood program to others because I would like to help others like me that are looking for something to do in their free time and have an idea of what they would like to pursue in the future for a career. ",I would like to appreciate Clarkston for the support he gave in teaching me and the others. I did a great job at explaining and overall being a great teacher including the other instructors.,122,,Unknown,,
2022-08-10 21:59:12,2022-08-10 22:13:37,IP Address,76.21.22.246,100,865,True,2022-08-10 22:13:37,R_2X4nKXTecjB2Rcr,,,,,37.8381,-122.2609,anonymous,EN," TF-53",Strongly agree,Unsure or undecided,Unsure or undecided,Strongly agree,Strongly agree,Very often,Always,Very often,Fairly confident,Fairly confident,Very confident,Somewhat agree,Strongly agree,Strongly agree,Strongly agree,"One way that I think technology can help my community is by opening them an opportunity to access school opportunities. During the first year when the lockdown were initiated many of my classmates did not have laptops or earphones and could not attend classes. Their grades took a dip. They could not attend classes and even if they did their Wi-Fi was so bad that they would cut in and out. Access to technology is important.  ","I would like to create a free online program that teaches people how to code. ",Strongly agree,Strongly agree,Strongly agree,Strongly agree,Strongly agree,Strongly agree,Strongly agree,"To get a hang of python and to learn the basics. And at the end to create a website for a customer. ",Strongly agree,Strongly agree,Strongly agree,"Tech bootcamp,Bachelor's degree",Strongly agree,Strongly agree,Strongly agree,Strongly agree,Strongly agree,Strongly agree,Strongly agree,Strongly agree,A person provided with everything to succeed in life.,An orthodox Christian Eritrean American.,I  would like people interviewing me to know that I am an immigrant who is responsible and hard working.,Strongly agree,Strongly agree,"I would recommend hack the hood because it will teach them about python and about general tech career. ","In the future I wish we receive more support when completing our SMB websites. ",136,,Unknown,,
2022-08-10 23:14:08,2022-08-10 23:23:31,IP Address,99.42.136.38,100,562,True,2022-08-10 23:23:31,R_309as5KROFJkgua,,,,,37.9675,-122.2899,anonymous,EN,HH32,Unsure or undecided,Somewhat disagree,Strongly Disagree,Somewhat disagree,Strongly Disagree,Rarely,Rarely,Rarely,Not confident at all,Not confident at all,Not confident at all,Somewhat agree,Somewhat agree,Strongly agree,Strongly agree,"It can help educate people ","I‚Äôm not sure ",Strongly agree,Strongly agree,Strongly agree,Unsure or undecided,Somewhat agree,Strongly agree,Unsure or undecided,The goal I set for myself during this program was to learn more technical skills.,Somewhat agree,Unsure or undecided,Unsure or undecided,Career in technology (or in the tech industry in general),Somewhat agree,Unsure or undecided,Unsure or undecided,Unsure or undecided,Somewhat disagree,Somewhat disagree,Unsure or undecided,Unsure or undecided,"A Sikh woman ",A Sikh woman,I am a Sikh woman,Somewhat agree,Somewhat agree,"Good resources ","Nothing ",102,,Unknown,,
2022-08-10 23:20:03,2022-08-10 23:27:22,IP Address,73.220.93.225,100,439,True,2022-08-10 23:27:23,R_OpdZWhB4MesiraV,,,,,38.4207,-121.3623,anonymous,EN,HH51,Strongly agree,Strongly agree,Unsure or undecided,Strongly agree,Strongly agree,Sometimes,Sometimes,Rarely,Very confident,Fairly confident,Fairly confident,Strongly agree,Strongly agree,Strongly agree,Strongly agree,"Resources ","Sustainable clothing business ",Strongly agree,Strongly agree,Strongly agree,Strongly agree,Strongly agree,Strongly agree,Strongly agree,Creating a smb website for myself,Strongly agree,Strongly agree,Strongly agree,Associate's degree,Strongly agree,Strongly agree,Strongly agree,Strongly agree,Somewhat agree,Strongly agree,Strongly agree,Strongly agree,Biracial poor or lower middle class,"Independent ",I am interested in product management and sales immensely.,Strongly agree,Strongly agree,I already referred to a few people it is a amazing opportunity.,NA,132,,Unknown,,
2022-08-09 17:11:20,2022-08-11 00:09:11,IP Address,75.9.135.241,100,111471,True,2022-08-11 00:09:11,R_2P6DzHIyK6WlGsZ,,,,,37.7794,-122.2178,anonymous,EN,HH12,Somewhat agree,Strongly agree,Somewhat agree,Unsure or undecided,Unsure or undecided,Rarely,Never,Sometimes,Slightly confident,Slightly confident,Not confident at all,Strongly agree,Strongly agree,Somewhat agree,Strongly agree,"Through technology, It could spread awareness within community about  current news of recent or upcoming virus. ","I would like to continue working on SMBs Project ",Strongly agree,Somewhat agree,Somewhat agree,Strongly agree,Strongly agree,Strongly agree,Somewhat agree,"seeking Knowledge ",Somewhat agree,Somewhat agree,Unsure or undecided,"Associate's degree,Bachelor's degree",Somewhat agree,Strongly agree,Strongly agree,Strongly agree,Strongly agree,Somewhat agree,Somewhat agree,Somewhat agree,"Academic Explorer ","I am Vietnamese-American finding his passions. ","What make me different from others ",Strongly agree,Strongly agree,"I had learn coding before in my prior year of 8th grade, This program gave me memory refresh of how it was like, I recommended this program for anyone that into tech or have wide academic mindset because you might get hook or not. All it matter if you try attempt learning a new skill if it far in interested. ",,124,,Unknown,,
2022-08-08 12:42:44,2022-08-08 12:42:50,IP Address,172.58.33.31,9,5,False,2022-08-15 12:42:51,R_3MhAdFFsyvho6Ag,,,,,,,anonymous,EN,,,,,,,,,,,,,,,,,,,,,,,,,,,,,,,,,,,,,,,,,,,,,,,,,,
2022-08-08 13:07:01,2022-08-08 13:07:04,IP Address,107.77.211.35,9,3,False,2022-08-15 13:07:06,R_2P5zV4o2hV03Spb,,,,,,,anonymous,EN,,,,,,,,,,,,,,,,,,,,,,,,,,,,,,,,,,,,,,,,,,,,,,,,,,
2022-08-08 13:12:25,2022-08-08 13:16:51,IP Address,172.58.33.101,26,265,False,2022-08-15 13:16:53,R_1hyjHewP2c6YLLl,,,,,,,anonymous,EN,HH33,Somewhat agree,Somewhat agree,Somewhat agree,Strongly agree,Strongly agree,Always,Sometimes,Always,Fairly confident,Fairly confident,Fairly confident,,,,,,,,,,,,,,,,,,,,,,,,,,,,,,,,,,27,,,,
2022-08-08 13:24:37,2022-08-08 13:24:47,IP Address,24.4.195.153,9,10,False,2022-08-15 13:24:49,R_1fl7NFZ9MUJeYcN,,,,,,,anonymous,EN,,,,,,,,,,,,,,,,,,,,,,,,,,,,,,,,,,,,,,,,,,,,,,,,,,
2022-08-08 13:25:24,2022-08-08 13:29:56,IP Address,172.58.102.133,65,272,False,2022-08-15 13:29:57,R_DNTilN0QUcekDxD,,,,,,,anonymous,EN,HH58,Strongly agree,Strongly agree,Somewhat agree,Strongly agree,Strongly agree,Always,Always,Always,Slightly confident,Fairly confident,Slightly confident,Strongly agree,Somewhat agree,Strongly agree,Strongly agree,To have apps to benefit one another,An app project to make an official app that can go in the app store,Strongly agree,Strongly agree,Strongly agree,Strongly agree,Strongly agree,Strongly agree,Strongly agree,"To Get a better understanding in tech ",Strongly agree,Strongly agree,Strongly agree,"Technology- or software-related certification,Tech bootcamp",,,,,,,,,,,,,,,,91,,Unknown,,
2022-08-08 16:32:28,2022-08-08 16:32:37,IP Address,172.56.30.187,9,9,False,2022-08-15 16:32:40,R_2CvmUUaxwZk737X,,,,,,,anonymous,EN,,,,,,,,,,,,,,,,,,,,,,,,,,,,,,,,,,,,,,,,,,,,,,,,,,
2022-08-15 16:26:08,2022-08-15 16:33:00,IP Address,24.7.69.111,100,412,True,2022-08-15 16:33:01,R_qVpjpxK7ikXYaxb,,,,,37.9145,-122.3007,anonymous,EN,HH80,Unsure or undecided,Somewhat agree,Somewhat agree,Strongly agree,Somewhat agree,Very often,Sometimes,Very often,Slightly confident,Fairly confident,Very confident,Somewhat agree,Somewhat agree,Somewhat agree,Strongly agree,It can help bring more resources out to people in need and provide info.,"Ux designing ",Somewhat agree,Strongly agree,Strongly agree,Somewhat disagree,Somewhat agree,Somewhat agree,Unsure or undecided,"To learn basic coding ",Strongly agree,Somewhat agree,Unsure or undecided,"Career in technology (or in the tech industry in general),Tech bootcamp,Bachelor's degree",Somewhat agree,Unsure or undecided,Somewhat agree,Unsure or undecided,Strongly agree,Unsure or undecided,Strongly agree,Somewhat agree,Hispanic,"A lgbt+ woman ",Detail oriented and smart,Strongly agree,Strongly agree,It‚Äôs a very good topping stone to figure out if tech is what you want to learn.,"Thanks for helping out the minorities in the Bay Area! ",114,,Unknown,,
2022-08-09 11:09:05,2022-08-09 11:09:14,IP Address,24.130.171.128,9,9,False,2022-08-16 11:09:15,R_5uNhMWUEqwRg6cN,,,,,,,anonymous,EN,,,,,,,,,,,,,,,,,,,,,,,,,,,,,,,,,,,,,,,,,,,,,,,,,,
2022-08-09 13:13:20,2022-08-09 13:13:29,IP Address,24.130.171.128,9,8,False,2022-08-16 13:13:35,R_2CQxBPICYytH75J,,,,,,,anonymous,EN,,,,,,,,,,,,,,,,,,,,,,,,,,,,,,,,,,,,,,,,,,,,,,,,,,
2022-08-09 14:37:05,2022-08-09 14:37:12,IP Address,73.162.100.189,9,7,False,2022-08-16 14:37:13,R_3k5tGSgnF7qR2IL,,,,,,,anonymous,EN,,,,,,,,,,,,,,,,,,,,,,,,,,,,,,,,,,,,,,,,,,,,,,,,,,
2022-08-16 14:30:46,2022-08-16 14:43:40,IP Address,96.86.150.230,100,773,True,2022-08-16 14:43:40,R_12qXB2qOIW0FhWx,,,,,38.1228,-121.2543,anonymous,EN,HH51,Somewhat agree,Somewhat agree,Somewhat agree,Strongly agree,Somewhat disagree,Very often,Very often,Very often,Very confident,Very confident,Very confident,Strongly agree,Strongly agree,Strongly agree,Strongly agree,Resources,Help kids in foreign countries,Strongly agree,Strongly agree,Strongly agree,Strongly agree,Strongly agree,Strongly agree,Strongly agree,"network ",Strongly agree,Strongly agree,Strongly agree,Career in technology (or in the tech industry in general),Strongly agree,Strongly agree,Strongly agree,Strongly agree,Strongly agree,Strongly agree,Strongly agree,Strongly agree,biracial woman,poc,When in an interview I would like to be a prospective candidate for the tech field.,Strongly disagree,Strongly disagree,Hustle is a great program integrating youth into tech.,I would love to work for hack the hood soon. I CAN OFFER MY SKILL SET AS A YOUTH PRESENTOR.,126,,Unknown,,
2022-08-15 13:47:29,2022-08-16 16:07:02,IP Address,99.45.115.133,100,94772,True,2022-08-16 16:07:03,R_305XBxuJ8eoyV5a,,,,,37.7585,-122.1856,anonymous,EN,HH71,Somewhat agree,Somewhat agree,Unsure or undecided,Somewhat agree,Somewhat agree,Sometimes,Sometimes,Very often,Slightly confident,Slightly confident,Slightly confident,Unsure or undecided,Somewhat agree,Somewhat agree,Strongly agree,Technology that help in everyday life,Im not sure yet,Somewhat agree,Somewhat agree,Strongly agree,Somewhat agree,Strongly agree,Strongly agree,Unsure or undecided,Complete the course,Somewhat agree,Somewhat agree,Somewhat agree,"Career in technology (or in the tech industry in general),Technology- or software-related certification,Beyond bachelor's degree (such as master's, Ph.D, or other graduate-level)",Strongly agree,Strongly agree,Unsure or undecided,Somewhat agree,Somewhat agree,Strongly agree,Somewhat agree,Strongly agree,A person who feels like he belongs and feels safe,Positive about it,"This identity is important to me cuz thats what make me, me",Strongly agree,Somewhat agree,Its a good program and give great support,I have none,119,,Unknown,,
2022-08-09 17:12:38,2022-08-09 17:12:43,IP Address,172.58.99.53,9,4,False,2022-08-16 17:12:44,R_UDDRWOthBBz42lP,,,,,,,anonymous,EN,,,,,,,,,,,,,,,,,,,,,,,,,,,,,,,,,,,,,,,,,,,,,,,,,,
2022-08-09 17:13:12,2022-08-09 17:26:51,IP Address,73.252.238.164,26,819,False,2022-08-16 17:26:53,R_BrMBC4Di6ri9zB7,,,,,,,anonymous,EN,HH03,Somewhat agree,Unsure or undecided,Somewhat agree,Strongly agree,Somewhat agree,Very often,Very often,Very often,Fairly confident,Fairly confident,Fairly confident,,,,,,,,,,,,,,,,,,,,,,,,,,,,,,,,,,25,,,,
2022-08-09 18:18:09,2022-08-09 18:26:35,IP Address,104.58.207.243,13,506,False,2022-08-16 18:26:39,R_3iCpALPvykDNAZz,,,,,,,anonymous,EN,HH57,,,,,,,,,,,,,,,,,,,,,,,,,,,,,,,,,,,,,,,,,,,,,,,,,
2022-08-09 18:17:57,2022-08-09 18:26:52,Spam,104.58.207.243,13,535,False,2022-08-16 18:26:53,R_22SwOqP3XmFwTtV,,,,,,,anonymous,EN,HH57,,,,,,,,,,,,,,,,,,,,,,,,,,,,,,,,,,,,,,,,,,,,,,,,,
2022-08-10 11:08:56,2022-08-10 11:09:38,IP Address,73.93.15.78,9,42,False,2022-08-17 11:09:41,R_OEhWKXqlvHLVZHr,,,,,,,anonymous,EN,,,,,,,,,,,,,,,,,,,,,,,,,,,,,,,,,,,,,,,,,,,,,,,,,,
2022-08-10 11:23:06,2022-08-10 11:23:12,IP Address,76.14.112.134,9,5,False,2022-08-17 11:23:13,R_3n7ZoDFFqQAwD20,,,,,,,anonymous,EN,,,,,,,,,,,,,,,,,,,,,,,,,,,,,,,,,,,,,,,,,,,,,,,,,,
2022-08-17 21:56:40,2022-08-17 22:06:06,IP Address,76.21.22.246,100,565,True,2022-08-17 22:06:07,R_2bTAbYrxy2uIK9C,,,,,37.8381,-122.2609,anonymous,EN,TF-53,Somewhat agree,Somewhat agree,Somewhat agree,Strongly agree,Somewhat agree,Very often,Always,Very often,Fairly confident,Fairly confident,Very confident,Strongly agree,Strongly agree,Strongly agree,Strongly agree,One way that I think technology will help my community by giving them more opportunities and opening more employment chances. If they have access to technology and have the know how they can register for online classes to take in their busy work schedule.,I would like to start a free program that teaches people how to code from scratch.,Strongly agree,Strongly agree,Strongly agree,Strongly agree,Strongly agree,Strongly agree,Strongly agree,To get the hang of python and to design a functioning website for someone.,Strongly agree,Strongly agree,Strongly agree,"Career in technology (or in the tech industry in general),Beyond bachelor's degree (such as master's, Ph.D, or other graduate-level)",Strongly agree,Strongly agree,Strongly agree,Strongly agree,Strongly agree,Strongly agree,Strongly agree,Strongly agree,An Eritrean male immigrant.,An orthodox Eritrean American.,"I would like the person to know that I am a hard working immigrant that witnessed and experienced just how transformative technology and tech know-how can be first hand. And that everyday I try to learn and improve my technical abilities. ",Strongly agree,Strongly agree,I would recommend it to them because it will teach them about python and give them a general idea about the societal value that technology have.,"Thank you for everything. It was an amazing experience. ",137,,Unknown,,
2022-08-11 00:24:03,2022-08-11 00:26:07,IP Address,75.9.135.241,13,123,False,2022-08-18 00:26:08,R_2WB7cw0etRlQ8AQ,,,,,,,anonymous,EN,HH12,,,,,,,,,,,,,,,,,,,,,,,,,,,,,,,,,,,,,,,,,,,,,,,,,
2022-08-17 08:17:10,2022-08-18 16:15:42,IP Address,75.9.135.241,100,115112,True,2022-08-18 16:15:43,R_2DS4cp9nAVN0p5F,,,,,37.7794,-122.2178,anonymous,EN,HH12,Somewhat agree,Somewhat agree,Somewhat disagree,Strongly agree,Somewhat agree,Rarely,Sometimes,Sometimes,Slightly confident,Not confident at all,Not confident at all,Somewhat agree,Unsure or undecided,Somewhat agree,Somewhat agree,"Promote Or Advertised more food banks towards low income neighborhoods ","Help Local Community Website ",Strongly agree,Strongly agree,Strongly agree,Strongly agree,Strongly agree,Somewhat agree,Strongly agree,Develop a new skill,Somewhat agree,Somewhat agree,Unsure or undecided,Associate's degree,Somewhat agree,Somewhat agree,Somewhat agree,Somewhat agree,Somewhat agree,Strongly agree,Unsure or undecided,Strongly agree,Academic explorers,"Vietnamese-American ",Fun and willing to put all my energy into any line of work,Unsure or uncertain,Somewhat agree,I recommend to others because they could further explore there academic .,Nope,117,,Unknown,,
2022-08-17 20:28:40,2022-08-18 16:19:16,IP Address,172.58.36.48,100,71435,True,2022-08-18 16:19:16,R_ZxegRTySQ0CT3nX,,,,,38.5879,-121.4053,anonymous,EN,HH51,Strongly agree,Strongly agree,Strongly agree,Strongly agree,Strongly agree,Always,Always,Always,Slightly confident,Slightly confident,Slightly confident,Strongly agree,Strongly agree,Strongly agree,Strongly agree,"Resume ","Resources ",Strongly agree,Strongly agree,Strongly agree,Strongly agree,Strongly agree,Strongly agree,Strongly agree,"Complete a website ",Strongly agree,Strongly agree,Strongly agree,Career in technology (or in the tech industry in general),Strongly agree,Strongly agree,Strongly agree,Strongly agree,Strongly agree,Strongly agree,Strongly agree,Strongly agree,"Biracial woman ","A woman of color ","I am a creative ",Strongly agree,Strongly agree,"It is an amazing program ",NA,143,,Unknown,,
2022-08-18 15:37:04,2022-08-18 16:28:39,IP Address,107.127.18.6,100,3094,True,2022-08-18 16:28:39,R_2RRoxqawiBr0eK5,,,,,38.4799,-121.4451,anonymous,EN,352113,Strongly agree,Somewhat agree,Somewhat agree,Somewhat agree,Somewhat agree,Sometimes,Sometimes,Very often,Slightly confident,Fairly confident,Slightly confident,Unsure or undecided,Strongly agree,Somewhat agree,Somewhat agree,"Google for research ",I don‚Äôt have anything in mind,Somewhat agree,Strongly agree,Strongly agree,Strongly agree,Strongly agree,Strongly agree,Strongly agree,The goal I set for myself during this program was to finish and get a understanding of coding,Somewhat agree,Strongly agree,Somewhat agree,"Career in technology (or in the tech industry in general),Technology- or software-related certification",Strongly agree,Strongly agree,Somewhat agree,Unsure or undecided,Somewhat agree,Strongly agree,Strongly agree,Strongly agree,"I would describe myself as a African American girl that‚Äôs in 12th grade and I learned a lot of techniques from hack the hood ",Idk,Idk,Strongly agree,Strongly agree,"Yes I would definitely recommend this program to anyone who wants to learn code and technology ",,126,,Unknown,,
2022-08-18 15:48:51,2022-08-18 16:42:39,IP Address,98.51.227.60,100,3228,True,2022-08-18 16:42:39,R_3ISSzIKwgeituTz,,,,,37.6868,-122.1496,anonymous,EN,HH00,Somewhat agree,Somewhat agree,Strongly agree,Strongly agree,Unsure or undecided,Very often,Sometimes,Sometimes,Fairly confident,Slightly confident,Slightly confident,Unsure or undecided,Somewhat agree,Somewhat disagree,Strongly agree,Technology does not always need to be super complex. Apps like Uber Eats are efficient at transporting food and is easily accessible. This helps for when you can‚Äôt go out to eat due to different circumstances.,How we can coexist with technology to improve our work efficiency instead of replacing all of our jobs; or how technology may also be useful at creating new jobs as well.,Somewhat agree,Somewhat agree,Somewhat agree,Somewhat disagree,Somewhat agree,Strongly agree,Unsure or undecided,to advance my knowledge in coding and introduce myself to a new world to see if it was for me.,Somewhat agree,Unsure or undecided,Somewhat agree,"Associate's degree,Bachelor's degree",Somewhat agree,Somewhat agree,Somewhat agree,Somewhat agree,Somewhat agree,Strongly agree,Somewhat agree,Unsure or undecided,in a position to have great potential to succeed.,still finding more about myself each day. Who I want to be and how I can be that person.,"I am workable, level-headed, and versatile in respect to other people.",Somewhat agree,Somewhat agree,"Hack the Hood is a good place to learn more about modern day sociotechnical problems. It introduces skills like independence and has an overall welcoming team. ",,108,,Unknown,,
2022-08-18 16:02:14,2022-08-18 17:37:37,IP Address,67.169.95.195,100,5723,True,2022-08-18 17:37:38,R_3eknf62LMOLvCXO,,,,,37.3859,-122.0882,anonymous,EN,HH66,Somewhat agree,Somewhat agree,Somewhat agree,Strongly agree,Somewhat agree,Always,Always,Always,Fairly confident,Fairly confident,Fairly confident,Unsure or undecided,Somewhat agree,Somewhat agree,Strongly agree,Opening peoples perspectives on any problems by using technology to share ideas,Global problems that we face everyday,Somewhat agree,Strongly agree,Somewhat agree,Somewhat agree,Somewhat agree,Somewhat agree,Somewhat agree,getting out of my comfort zone and reaching out for help,Somewhat agree,Somewhat agree,Somewhat agree,"Career in technology (or in the tech industry in general),Technology- or software-related certification,Bachelor's degree,Beyond bachelor's degree (such as master's, Ph.D, or other graduate-level)",Somewhat agree,Strongly agree,Somewhat agree,Somewhat agree,Somewhat agree,Somewhat agree,Somewhat agree,Somewhat agree,Cordial,latina,I am cordial and extremely cooperative while taking initiative.,Strongly agree,Strongly agree,I would recommend this program because it has a great atmosphere for learning about coding and it gives you a good point of view on technology.,,121,,Unknown,,
2022-08-08 13:27:18,2022-08-11 18:32:13,IP Address,73.162.100.140,65,277494,False,2022-08-18 18:32:14,R_2fjFWkN8PcWQ8RL,,,,,,,anonymous,EN,HH68,Somewhat agree,Somewhat agree,Somewhat agree,Strongly agree,Unsure or undecided,Very often,Sometimes,Very often,Slightly confident,Slightly confident,Fairly confident,Somewhat agree,Strongly agree,Strongly agree,Strongly agree,One was that I think technology can help my community is better opportunities for learning such as education.,One sociotechnical discussion project that I would like to work on in the future might be social media which is Snapchat for sure.,Strongly agree,Strongly agree,Somewhat agree,Somewhat agree,Strongly agree,Strongly agree,Strongly agree,"The goal I set for myself during this program was to improve my self and skills. ",Unsure or undecided,Unsure or undecided,Somewhat agree,"Career in technology (or in the tech industry in general),Technology- or software-related certification",,,,,,,,,,,,,,,,81,,Unknown,,
2022-08-18 18:27:02,2022-08-18 18:41:30,IP Address,67.169.56.75,100,868,True,2022-08-18 18:41:30,R_uwu2veTVvghjg2d,,,,,37.8487,-122.2209,anonymous,EN,HH01,Somewhat agree,Somewhat agree,Strongly agree,Strongly agree,Somewhat agree,Sometimes,Sometimes,Sometimes,Fairly confident,Fairly confident,Fairly confident,Strongly agree,Strongly agree,Strongly agree,Strongly agree,Show crime rates around the area and to warn people to avoid those areas.,On my own website or even a small business online.,Strongly agree,Strongly agree,Strongly agree,Unsure or undecided,Strongly agree,Strongly agree,Unsure or undecided,To learn more about coding and tech in general.,Strongly agree,Strongly agree,Strongly agree,Career in technology (or in the tech industry in general),Strongly agree,Strongly agree,Somewhat agree,Somewhat agree,Unsure or undecided,Somewhat agree,Somewhat agree,Strongly agree,hard working young Latino male.,a disciplined Latino.,Will work on any given task.,Strongly agree,Strongly agree,I would recommend it because it will get you started into coding if you didn't really know much about it before.,None,123,,Unknown,,
2022-08-18 19:43:56,2022-08-18 20:06:52,IP Address,73.162.100.140,100,1375,True,2022-08-18 20:06:52,R_WCLwX9pJoWysWcN,,,,,37.8371,-122.2773,anonymous,EN,HH68,Somewhat agree,Somewhat agree,Somewhat agree,Strongly agree,Strongly agree,Very often,Very often,Always,Slightly confident,Fairly confident,Very confident,Somewhat agree,Somewhat agree,Somewhat agree,Strongly agree,"Technology can help my community by giving power and voices to people. ","One project I want to work on in the future is insta gram social media to make it more easier to use because I found it hard to go through something easily. ",Strongly agree,Strongly agree,Strongly agree,Somewhat agree,Strongly agree,Strongly agree,Strongly agree,"The goal I set for my self during this program was to improve my self in coding websites. ",Strongly agree,Somewhat agree,Somewhat agree,"Career in technology (or in the tech industry in general),Beyond bachelor's degree (such as master's, Ph.D, or other graduate-level)",Somewhat agree,Somewhat agree,Strongly agree,Strongly agree,Strongly agree,Strongly agree,Strongly agree,Strongly agree,"In terms of race, ethnicity, gender, class, socioeconomic status, and privileges I would describe myself as a Habesha , Tigrinya , female, junior(11th), Instagram fan, and future technologist  person. ","When I think about my identity, I would say I am a habesha, and Christian girl.  ","When I think about being a technologist, these are parts of my identity I think someone interviewing me for a job, internship, or boot camp should know about me as a person that I can adopt easily to any tech related mostly to coding and designing. ",Strongly agree,Strongly agree,"I recommend hustle to others because it improve your skills and gives you a way of a career you want. ",,131,,Unknown,,
2022-08-11 13:03:57,2022-08-18 20:09:04,IP Address,192.184.245.196,100,630307,True,2022-08-18 20:09:04,R_1MPSOQam5Uu32GN,,,,,37.7794,-122.2178,anonymous,EN,HH50,Somewhat agree,Somewhat agree,Somewhat agree,Unsure or undecided,Somewhat agree,Sometimes,Rarely,Sometimes,Fairly confident,Fairly confident,Fairly confident,Unsure or undecided,Unsure or undecided,Unsure or undecided,Strongly agree,It can help make things more accessible and safer.,N/A,Somewhat agree,Somewhat agree,Unsure or undecided,Unsure or undecided,Unsure or undecided,Unsure or undecided,Somewhat agree,met.,Somewhat agree,Somewhat agree,Somewhat agree,"Career in technology (or in the tech industry in general),Technology- or software-related certification,Associate's degree,Bachelor's degree",Somewhat agree,Unsure or undecided,Unsure or undecided,Unsure or undecided,Somewhat agree,Unsure or undecided,Somewhat agree,Unsure or undecided,a person of color with somewhat fair amount of resources.,a mix of many factors.,"have a passion in technology and advancement in society, have used technology ever since I was a toddler, have taken coding classes before, etc.",Somewhat agree,Somewhat agree,It teaches about how technology is used everyday and how it can be used for the greater good of the society. You also learn python and how the tech field works.,,100,,Unknown,,
2022-08-18 17:04:49,2022-08-18 17:12:49,IP Address,192.184.244.7,26,480,False,2022-08-25 17:12:57,R_5cZDpNQKYlKdHNv,,,,,,,anonymous,EN,HH82,Somewhat agree,Unsure or undecided,Strongly agree,Somewhat agree,Strongly agree,Very often,Sometimes,Very often,Very confident,Fairly confident,Fairly confident,,,,,,,,,,,,,,,,,,,,,,,,,,,,,,,,,,23,,,,
2022-08-16 15:23:35,2022-08-18 17:23:30,IP Address,12.133.157.2,13,179995,False,2022-08-25 17:23:36,R_3HNxOPBAbr0m7qY,,,,,,,anonymous,EN,HH77,,,,,,,,,,,,,,,,,,,,,,,,,,,,,,,,,,,,,,,,,,,,,,,,,
2022-08-16 13:19:29,2022-08-18 17:55:39,IP Address,172.225.89.111,65,189369,False,2022-08-25 17:55:39,R_OuRZMAWqMT7yBLb,,,,,,,anonymous,EN,HH41,Strongly agree,Unsure or undecided,Somewhat agree,Somewhat disagree,Strongly agree,Always,Sometimes,Rarely,Slightly confident,Slightly confident,Very confident,Unsure or undecided,Strongly agree,Strongly agree,Strongly agree,I want to make a game that goes over a lot of what P.O.C have to go through. I think this could benefit my community.,A project like what I mentioned above?,Strongly agree,Somewhat agree,Strongly agree,Somewhat agree,Strongly agree,Strongly agree,Somewhat disagree,to build my tech skillset.,Strongly agree,Strongly agree,Strongly agree,"Career in technology (or in the tech industry in general),Tech bootcamp,Bachelor's degree",,,,,,,,,,,,,,,,79,,,,
2022-08-18 18:02:48,2022-08-18 18:20:11,IP Address,76.210.139.80,13,1042,False,2022-08-25 18:20:16,R_3KTItXQ2AkLxlu2,,,,,,,anonymous,EN," HH15",,,,,,,,,,,,,,,,,,,,,,,,,,,,,,,,,,,,,,,,,,,,,,,,,
2022-08-18 18:30:59,2022-08-18 18:31:17,IP Address,76.21.22.246,13,18,False,2022-08-25 18:31:19,R_2ardg5yrumEHXhR,,,,,,,anonymous,EN,HH33,,,,,,,,,,,,,,,,,,,,,,,,,,,,,,,,,,,,,,,,,,,,,,,,,
2022-08-16 14:33:39,2022-08-18 21:55:20,IP Address,108.228.30.227,26,199301,False,2022-08-25 21:55:21,R_2zdO8iqgqbxTtfp,,,,,,,anonymous,EN,HH30,Somewhat agree,Somewhat agree,Somewhat agree,Strongly agree,Somewhat agree,Very often,Very often,Very often,Fairly confident,Fairly confident,Fairly confident,,,,,,,,,,,,,,,,,,,,,,,,,,,,,,,,,,26,,,,
2022-08-18 15:36:22,2022-08-19 00:28:07,IP Address,67.180.7.94,43,31904,False,2022-08-26 00:28:10,R_3hG5ik7xcRqGft3,,,,,,,anonymous,EN,Cereza Wu,Somewhat agree,Unsure or undecided,Somewhat agree,Somewhat agree,Unsure or undecided,Sometimes,Very often,Sometimes,Fairly confident,Very confident,Slightly confident,Unsure or undecided,Strongly agree,Strongly agree,Strongly agree,I think one of the most basic benefits of technology to my community would be the opportunities that come with it for anyone willing to work with technology.,I want to design and code my own video game.,,,,,,,,,,,,,,,,,,,,,,,,,,,,40,,,,
